All Packages,I9500-sysconf,slp-basefw,slp-sensorfw,slp-netfw,slp-winfw,slp-mmfw,slp-uifw,slp-api,slp-appfw,slp-apps
activesync-ui,,,,,,,,,,x
admin,,,,,,,,,,x
admin-lbs,,,,,,,,,,x
ail,,,,,,,,,x,
air-runtime2,,,,,,x,,,,
alarm-server,,x,,,,,,,,
alert-3g-syspopup,,x,,,,,,,,
alsa-lib,,x,,,,,,,,
alsa-scenario,,x,,,,,,,,
alsa-scenario-scn-data-0-base,,x,,,,,,,,
alsa-scenario-scn-data-0-wm8994,x,,,,,,,,,
alsa-utils,,x,,,,,,,,
app-backup,,,,,,,,,x,
app-checker,,,,,,,,,x,
app-checker-server,,,,,,,,,x,
app-core-common,,,,,,,,,x,
app-core-efl,,,,,,,,,x,
app-core-template,,,,,,,,,x,
app-selector,,,,,,,,,x,
app-svc,,,,,,,,,x,
arcsoft-engine,,,,,,x,,,,
assimp,,,,,,x,,,,
audio-session-manager,,,,,,x,,,,
augeas,,x,,,,,,,,
augeas-libs,,x,,,,,,,,
aul,,,,,,,,,x,
avsystem,,,,,,x,,,,
bluetooth,,,,x,,,,,,
bluetooth-dev-tool,,,,x,,,,,,
bluetooth-engine,,,,x,,,,,,
bluetooth-frwk,,,,x,,,,,,
bluetooth-frwk-agent,,,,x,,,,,,
bluetooth-frwk-test,,,,x,,,,,,
bluetooth-header,,,,x,,,,,,
bluetooth-share,,,,x,,,,,,
bluetooth-testmode,,,,x,,,,,,
bluez,,,,x,,,,,,
bluez-alsa,,,,x,,,,,,
bluez-gstreamer,,,,x,,,,,,
bluez-hcidump,,,,x,,,,,,
bluez-libs,,,,x,,,,,,
boost,,,,,,x,,,,
boost-program-options,,,,,,x,,,,
boost-static,,,,,,x,,,,
boost-test,,,,,,x,,,,
boost-thread,,,,,,x,,,,
boot-animation,,x,,,,,,,,
bootchart,,x,,,,,,,,
brcm-gps-daemon,,,,x,,,,,,
browser,,,,,,,,,,x
bt-syspopup,,,,x,,,,,,
btrfs-progs,,x,,,,,,,,
btstack-bluez,,,,x,,,,,,
btstack-bluez-tools,,,,x,,,,,,
bullet,,x,,,,,,,,
bundle,,x,,,,,,,,
busybox,,x,,,,,,,,
busybox-symlinks-adduser,,x,,,,,,,,
busybox-symlinks-adjtimex,,x,,,,,,,,
busybox-symlinks-binutils,,x,,,,,,,,
busybox-symlinks-bridge-utils,,x,,,,,,,,
busybox-symlinks-bsdmainutils,,x,,,,,,,,
busybox-symlinks-busybox,,x,,,,,,,,
busybox-symlinks-bzip2,,x,,,,,,,,
busybox-symlinks-console-tools,,x,,,,,,,,
busybox-symlinks-cpio,,x,,,,,,,,
busybox-symlinks-cron,,x,,,,,,,,
busybox-symlinks-daemontools,,x,,,,,,,,
busybox-symlinks-dc,,x,,,,,,,,
busybox-symlinks-dnsutils,,x,,,,,,,,
busybox-symlinks-dosfstools,,x,,,,,,,,
busybox-symlinks-ed,,x,,,,,,,,
busybox-symlinks-eject,,x,,,,,,,,
busybox-symlinks-fbset,,x,,,,,,,,
busybox-symlinks-fdflush,,x,,,,,,,,
busybox-symlinks-hdparm,,x,,,,,,,,
busybox-symlinks-ifupdown,,x,,,,,,,,
busybox-symlinks-initscripts,,x,,,,,,,,
busybox-symlinks-ipcalc,,x,,,,,,,,
busybox-symlinks-iproute,,x,,,,,,,,
busybox-symlinks-ipsvd,,x,,,,,,,,
busybox-symlinks-iputils-arping,,x,,,,,,,,
busybox-symlinks-iputils-ping,,x,,,,,,,,
busybox-symlinks-klogd,,x,,,,,,,,
busybox-symlinks-loadlin,,x,,,,,,,,
busybox-symlinks-lrzsz,,x,,,,,,,,
busybox-symlinks-lzma,,x,,,,,,,,
busybox-symlinks-lzop,,x,,,,,,,,
busybox-symlinks-module-init-tools,,x,,,,,,,,
busybox-symlinks-mtd-utils,,x,,,,,,,,
busybox-symlinks-net-tools,,x,,,,,,,,
busybox-symlinks-openbsd-inetd,,x,,,,,,,,
busybox-symlinks-passwd,,x,,,,,,,,
busybox-symlinks-patch,,x,,,,,,,,
busybox-symlinks-ppp,,x,,,,,,,,
busybox-symlinks-procps,,x,,,,,,,,
busybox-symlinks-psmisc,,x,,,,,,,,
busybox-symlinks-rdate,,x,,,,,,,,
busybox-symlinks-realpath,,x,,,,,,,,
busybox-symlinks-runit,,x,,,,,,,,
busybox-symlinks-sharutils,,x,,,,,,,,
busybox-symlinks-ssmtp,,x,,,,,,,,
busybox-symlinks-sysklogd,,x,,,,,,,,
busybox-symlinks-telnetd,,x,,,,,,,,
busybox-symlinks-tftp,,x,,,,,,,,
busybox-symlinks-time,,x,,,,,,,,
busybox-symlinks-tofrodos,,x,,,,,,,,
busybox-symlinks-udhcpc,,x,,,,,,,,
busybox-symlinks-udhcpd,,x,,,,,,,,
busybox-symlinks-unzip,,x,,,,,,,,
busybox-symlinks-vlan,,x,,,,,,,,
busybox-symlinks-vlock,,x,,,,,,,,
busybox-symlinks-watchdog,,x,,,,,,,,
busybox-symlinks-wget,,x,,,,,,,,
busybox-symlinks-xterm,,x,,,,,,,,
busybox-symlinks-zcip,,x,,,,,,,,
byacc,,x,,,,,,,,
c-ares,,x,,,,,,,,
ca-certificates,,x,,,,,,,,
cairo,,,,,x,,,,,
calculator,,,,,,,,,,x
calendar,,,,,,,,,,x
call,,,,,,,,,,x
call-setting,,,,,,,,,,x
camera-app,,,,,,,,,,x
camera-external-engine,,,,,,x,,,,
camera-firmware,,,,,,x,,,,
camera-firmware-m5ls,,,,,,x,,,,
capi-appfw-app-manager,,,,,,,,x,,
capi-appfw-application,,,,,,,,x,,
capi-base-common,,,,,,,,x,,
capi-content-media-content,,,,,,,,x,,
capi-location-geocoder,,,,,,,,x,,
capi-location-manager,,,,,,,,x,,
capi-media-audio-io,,,,,,,,x,,
capi-media-camera,,,,,,,,x,,
capi-media-metadata-extractor,,,,,,,,x,,
capi-media-player,,,,,,,,x,,
capi-media-radio,,,,,,,,x,,
capi-media-recorder,,,,,,,,x,,
capi-media-sound-manager,,,,,,,,x,,
capi-media-tone-player,,,,,,,,x,,
capi-media-wav-player,,,,,,,,x,,
capi-messaging-email,,,,,,,,x,,
capi-messaging-mms,,,,,,,,x,,
capi-messaging-sms,,,,,,,,x,,
capi-network-bluetooth,,,,,,,,x,,
capi-network-connection,,,,,,,,x,,
capi-network-nfc,,,,,,,,x,,
capi-social-calendar,,,,,,,,x,,
capi-social-call-log,,,,,,,,x,,
capi-social-contacts,,,,,,,,x,,
capi-system-device,,,,,,,,x,,
capi-system-haptic,,,,,,,,x,,
capi-system-info,,,,,,,,x,,
capi-system-power,,,,,,,,x,,
capi-system-runtime-info,,,,,,,,x,,
capi-system-sensor,,,,,,,,x,,
capi-telephony-call,,,,,,,,x,,
capi-telephony-network-info,,,,,,,,x,,
capi-telephony-sim,,,,,,,,x,,
capi-ui-efl-util,,,,,,,,x,,
capi-uix-feedback,,,,,,,,x,,
capi-uix-tts,,,,,,,,x,,
capi-web-url-download,,,,,,,,x,,
card-scanner,,,,,,,,,,x
cbhm,,x,,,,,,,,
cert-svc,,x,,,,,,,,
check,,,,,x,,,,,
chrpath,,x,,,,,,,,
ciss,,,,x,,,,,,
clock,,,,,,,,,,x
com.samsung.allshare-plus,,,,,,,,,,x
com.samsung.app-tray,,,,,,,,,,x
com.samsung.blue-screen,,,,,,,,,,x
com.samsung.bluetooth-share-ui,,,,,,,,,,x
com.samsung.crash-uploader,,,,,,,,,,x
com.samsung.kies-cast,,,,,,,,,,x
com.samsung.lowbat-syspopup,,,,,,,,,,x
com.samsung.lowmem-syspopup,,,,,,,,,,x
com.samsung.phone-lock,,,,,,,,,,x
com.samsung.poweroff-syspopup,,,,,,,,,,x
com.samsung.switching-daemon,,,,,,,,,,x
com.samsung.video-player,,,,,,,,,,x
com.samsung.wifi-qs,,,,,,,,,,x
connectivity-device-interface,,,,x,,,,,,
connman,,,,x,,,,,,
contacts,,,,,,,,,,x
contacts-service,,x,,,,,,,,
contacts-viewer,,,,,,,,,,x
converter,,,,,,,,,,x
crash-viewer,,x,,,,,,,,
crash-worker,,x,,,,,,,,
csc-data-oxa,,x,,,,,,,,
csc-manager,,x,,,,,,,,
dailybriefing-accuweather,,,,,,,,,,x
dailybriefing-apnews,,,,,,,,,,x
dailybriefing-common,,,,,,,,,,x
dailybriefing-yfinance,,,,,,,,,,x
dali,,,,,,x,,,,
dali-adaptor,,,,,,x,,,,
dali-toolkit,,,,,,x,,,,
data-router,,,,x,,,,,,
dbus,,x,,,,,,,,
dbus-glib,,x,,,,,,,,
dbus-libs,,x,,,,,,,,
default-files-slp,,x,,,,,,,,
default-fonts-fc-fraser,,x,,,,,,,,
default-fonts-fraser,,x,,,,,,,,
desktop-file-utils,,x,,,,,,,,
device-manager-plugin-c210,x,,,,,,,,,
device-mapper,,x,,,,,,,,
device-mapper-libs,,x,,,,,,,,
devman-module-tsp4000,x,,,,,,,,,
dialog,,x,,,,,,,,
divxsdk,,,,,,x,,,,
dlogutil,,x,,,,,,,,
dnsmasq,,x,,,,,,,,
download-provider,,x,,,,,,,,
drm-bnr,,x,,,,,,,,
drm-file-opener,,x,,,,,,,,
drm-popup,,x,,,,,,,,
drm-sapps,,x,,,,,,,,
drm-service,,x,,,,,,,,
drm-service-core-divx,,x,,,,,,,,
drm-service-core-oma,,x,,,,,,,,
drm-service-core-playready,,x,,,,,,,,
drm-utility,,x,,,,,,,,
dtt-engine,,x,,,,,,,,
e17,,,,,,,x,,,
e17-data,,,,,,,x,,,
e17-extra-modules,,,,,,,x,,,
e17-extra-private-modules,,,,,,,x,,,
e17-misc,,,,,,,x,,,
earlyboot,,x,,,,,,,,
eas-engine,,x,,,,,,,,
ecore,,,,,,,x,,,
ecore-con,,,,,,,x,,,
ecore-evas,,,,,,,x,,,
ecore-fb,,,,,,,x,,,
ecore-file,,,,,,,x,,,
ecore-imf,,,,,,,x,,,
ecore-imf-evas,,,,,,,x,,,
ecore-input,,,,,,,x,,,
ecore-input-evas,,,,,,,x,,,
ecore-ipc,,,,,,,x,,,
ecore-tools,,,,,,,x,,,
ecore-x,,,,,,,x,,,
ed,,x,,,,,,,,
edbus,,,,,,,x,,,
edje,,,,,,,x,,,
edje-tools,,,,,,,x,,,
eet,,,,,,,x,,,
eet-tools,,,,,,,x,,,
efl-calendar,,,,,,,,,,x
efl-theme-blue-hd,,,,,,,x,,,
efl-theme-grey-hd,,,,,,,x,,,
efl-theme-tizen-black-hd,,,,,,,x,,,
efl-theme-tizen-hd,,,,,,,x,,,
efreet,,,,,,,x,,,
eina,,,,,,,x,,,
elektra,,,,,,,x,,,
elementary,,,,,,,x,,,
elementary-decarta,,,,,,,x,,,
elementary-tools,,,,,,,x,,,
elm-demo-slp,,,,,,,,,,x
elm-misc,,,,,,,x,,,
elm-webview,,,,,,,x,,,
email,,,,,,,,,,x
email-service,,x,,,,,,,,
embryo,,,,,,,x,,,
emotion,,,,,,,x,,,
emotion-gstreamer,,,,,,,x,,,
ethumb,,,,,,,x,,,
evas,,,,,,,x,,,
expedite,,,,,,,x,,,
face-recognition-engine,,,,,,x,,,,
factory-15,,x,,,,,,,,
factory-diag,,x,,,,,,,,
factory-lcd,,x,,,,,,,,
factory-reset,,x,,,,,,,,
farsight2,,x,,,,,,,,
ffmpeg,,,,,,x,,,,
fileviewer,,,,,,,,,,x
flashplugin,,,,,,x,,,,
fm-radio,,,,,,,,,,x
fontconfig,,x,,,,,,,,
fontpackages-filesystem,,x,,,,,,,,
freealut,,x,,,,,,,,
freetype,,x,,,,,,,,
fribidi,,x,,,,,,,,
fs-type-checker,,x,,,,,,,,
gconf-dbus,,x,,,,,,,,
gconf-dbus-utils,,x,,,,,,,,
gdb,,x,,,,,,,,
gdb-server,,x,,,,,,,,
geoclue,,,,x,,,,,,
geoclue-nominatim,,,,x,,,,,,
geoclue-pdr,,,,x,,,,,,
giflib,,,,,,x,,,,
giflib-utils,,,,,,x,,,,
glib-networking,,x,,,,,,,,
gps-manager,,,,x,,,,,,
gst-ffmpeg,,,,,,x,,,,
gst-openmax,,,,,,x,,,,
gst-plugins-bad,,,,,,x,,,,
gst-plugins-base,,,,,,x,,,,
gst-plugins-base-tools,,,,,,x,,,,
gst-plugins-ext0.10,,,,,,x,,,,
gst-plugins-good,,,,,,x,,,,
gst-plugins-s5pc2xx,,,,,,x,,,,
gst-plugins-savscodec-neon,,,,,,x,,,,
gst-plugins-ugly,,,,,,x,,,,
gstreamer,,,,,,x,,,,
gstreamer-tools,,,,,,x,,,,
gstreamer0.10-nice,,,,,,x,,,,
gstreamer0.10-plugins-extension,,,,,,x,,,,
gstreamer0.10-plugins-extension-dnse,,,,,,x,,,,
gstreamer0.10-plugins-extension-fimcconvert,,,,,,x,,,,
gstreamer0.10-plugins-extension-midi,,,,,,x,,,,
gstreamer0.10-plugins-extension-secrtspsrc,,,,,,x,,,,
gstreamer0.10-plugins-extension-voicecalldata,,,,,,x,,,,
gstreamer0.10-plugins-extension-vt,,,,,,x,,,,
heynoti,,x,,,,,,,,
hibernation,,x,,,,,,,,
icu,,x,,,,,,,,
image-editor,,,,,,,,,,x
image-editor-engine,,,,,,x,,,,
image-viewer,,,,,,,,,,x
image-viewer-ext-engine,,,,,,x,,,,
ims-msrp,,,,x,,,,,,
ims-service,,,,x,,,,,,
ims-util,,,,x,,,,,,
indicator,,,,,,,,,,x
iniparser,,x,,,,,,,,
initscripts,,x,,,,,,,,
insserv,,x,,,,,,,,
iptables,,x,,,,,,,,
iptables-ipv6,,x,,,,,,,,
ise-chinese-hongkong,,,,,,,x,,,
ise-chinese-taiwan,,,,,,,x,,,
ise-engine-hangul,,,,,,,x,,,
ise-engine-wnn,,,,,,,x,,,
ise-engine-xt9,,,,,,,x,,,
ise-engine-xt9-chinese,,,,,,,x,,,
ise-handwriting,,,,,,,x,,,
ise-hebrew,,,,,,,x,,,
ise-moakey-chinese,,,,,,,x,,,
ise-moakey-indic,,,,,,,x,,,
ise-moakey-korean,,,,,,,x,,,
ise-moakey-thai,,,,,,,x,,,
ise-multilingual,,,,,,,x,,,
ise-urdu,,,,,,,x,,,
ise-vietnamese,,,,,,,x,,,
ise-western-europe-1-us,,,,,,,x,,,
isf,,,,,,,x,,,
json-glib,,x,,,,,,,,
kbd,,x,,,,,,,,
keystrings,,x,,,,,,,,
kies-config,,,,x,,,,,,
lcms,,x,,,,,,,,
libaccounts-svc,,x,,,,,,,,
libalarm,,x,,,,,,,,
libapp-bnr,,x,,,,,,,,
libasound,,x,,,,,,,,
libasound-plugins-pulse,,x,,,,,,,,
libasound-plugins-speex,,x,,,,,,,,
libbing,,x,,,,,,,,
libbmm,,x,,,,,,,,
libbom-c210,x,,,,,,,,,
libbookmark-service,,,,,,x,,,,
libcamsrcjpegenc,,,,,,x,,,,
libcamsrcjpegenc-sw-libjpeg,x,,,,,,,,,
libdaemon,,x,,,,,,,,
libdecarta,,,,x,,,,,,
libdevman,,x,,,,,,,,
libdlog,,x,,,,,,,,
libdmx,,,,,x,,,,,
libdownload-agent,,,,x,,,,,,
libdri2,,,,,x,,,,,
libdrm,,,,,x,,,,,
libdrm-slp,,,,,x,,,,,
libdrm-slp-ump,,,,,x,,,,,
libeas-common,,x,,,,,,,,
libexif,,,,,,x,,,,
libface-recognition-engine,,,,,,x,,,,
libffi,,x,,,,,,,,
libflashplayer10,,,,,,x,,,,
libfontenc,,x,,,,,,,,
libfuse,,x,,,,,,,,
libgcrypt,,x,,,,,,,,
libgeoclue,,,,x,,,,,,
libgoogle,,x,,,,,,,,
libgpg-error,,x,,,,,,,,
libgphoto2,,,,,,x,,,,
libgphoto2-port,,,,,,x,,,,
libgudev1,,x,,,,,,,,
libhangul,,x,,,,,,,,
libhangul-data,,x,,,,,,,,
libice,,x,,,,,,,,
libicu,,x,,,,,,,,
libiri,,x,,,,,,,,
libjava-parser,,x,,,,,,,,
libjpeg,,,,,,x,,,,
libjpeg-turbo,,,,,,x,,,,
libleveldb,,x,,,,,,,,
liblvve-nxp,,x,,,,,,,,
libmdm,,x,,,,,,,,
libmdm-common,,x,,,,,,,,
libmedia-plugin,,,,,,x,,,,
libmedia-server,,,,,,x,,,,
libmedia-service,,,,,,x,,,,
libmedia-thumbnail,,,,,,x,,,,
libmission-control-plugins0,,x,,,,,,,,
libmm-camcorder,,,,,,x,,,,
libmm-common,,,,,,x,,,,
libmm-divxsdk,,,,,,x,,,,
libmm-fileinfo,,,,,,x,,,,
libmm-imgp-gstcs,,,,,,x,,,,
libmm-imgp-savs,,,,,,x,,,,
libmm-log,,,,,,x,,,,
libmm-media-call,,,,,,x,,,,
libmm-player,,,,,,x,,,,
libmm-radio,,,,,,x,,,,
libmm-session,,,,,,x,,,,
libmm-sound,,,,,,x,,,,
libmm-sound-tool,,,,,,x,,,,
libmm-ta,,,,,,x,,,,
libmm-utility,,,,,,x,,,,
libmobile-ap,,,,x,,,,,,
libnet-client,,,,x,,,,,,
libnice,,x,,,,,,,,
libnl2,,x,,,,,,,,
liboauth,,x,,,,,,,,
libogg,,,,,,x,,,,
liboil,,x,,,,,,,,
libomxil-s5pc2xx,x,,,,,,,,,
libpcap,,,,x,,,,,,
libpci3,,x,,,,,,,,
libpciaccess,,,,,,x,,,,
libpdr,,x,,,,,,,,
libpng,,,,,,x,,,,
libprivilege-control,,x,,,,,,,,
libpthread-stubs,,x,,,,,,,,
libpush,,,,x,,,,,,
librua,,x,,,,,,,,
libsavscodec,,,,,,x,,,,
libsavscodec-neon,,,,,,x,,,,
libsecrtp,,,,x,,,,,,
libsecrtsp,,,,x,,,,,,
libsf-common,,,x,,,,,,,
libslp-alarm,,x,,,,,,,,
libslp-calendar,,x,,,,,,,,
libslp-db-util,,x,,,,,,,,
libslp-lbsplugin-brcm,,,,x,,,,,,
libslp-lbsplugin-csr,,,,x,,,,,,
libslp-lbsplugin-replay,,,,x,,,,,,
libslp-location,,,,x,,,,,,
libslp-memo,,x,,,,,,,,
libslp-mss,,x,,,,,,,,
libslp-pm,,x,,,,,,,,
libslp-tapi,,x,,,,,,,,
libslp-telplugin,,x,,,,,,,,
libslp-utilx,,x,,,,,,,,
libsm,,x,,,,,,,,
libsndfile,,x,,,,,,,,
libsofia-sip-ua-glib3,,,,x,,,,,,
libsofia-sip-ua0,,,,x,,,,,,
libsoup2.4,,,,x,,,,,,
libss-client,,x,,,,,,,,
libsttvlingo,,,,,,x,,,,
libsvi,,,,,,x,,,,
libsync-common,,x,,,,,,,,
libsys-assert,,x,,,,,,,,
libtalloc,,x,,,,,,,,
libtasn1,,x,,,,,,,,
libtasn1-tools,,x,,,,,,,,
libtheora,,x,,,,,,,,
libttssmt,,,,,,x,,,,
libttsvlingo,,,,,,x,,,,
libudev,,x,,,,,,,,
libug-calendar-efl,,,,,,,,,,x
libug-calendar-efl,,,,,,,,,,x
libug-contacts-efl,,,,,,,,,,x
libug-myfile-efl,,,,,,,,,,x
libug-phone-efl,,,,,,,,,,x
libug-phone-efl,,,,,,,,,,x
libug-samsung-sso-efl,,,,,,,,,,x
libug-setting-allshare-efl,,,,,,,,,,x
libug-setting-theme-efl,,,,,,,,,,x
libug-worldclock-efl,,,,,,,,,,x
libui-idlecapture,,x,,,,,,,,
libuifx-pageflip,,x,,,,,,,,
libump,,x,,,,,,,,
libusb,,x,,,,,,,,
libuw-imap-toolkit,,x,,,,,,,,
libv4l2codec,,,,,,x,,,,
libvorbis,,,,,,x,,,,
libwbxml2,,x,,,,,,,,
libx11,,,,,x,,,,,
libxau,,,,,x,,,,,
libxaw,,,,,x,,,,,
libxcb,,,,,x,,,,,
libxcb-atom,,,,,x,,,,,
libxcb-aux,,,,,x,,,,,
libxcb-event,,,,,x,,,,,
libxcb-icccm,,,,,x,,,,,
libxcb-image,,,,,x,,,,,
libxcb-keysyms,,,,,x,,,,,
libxcb-property,,,,,x,,,,,
libxcb-render-util,,,,,x,,,,,
libxcb-reply,,,,,x,,,,,
libxcomposite,,,,,x,,,,,
libxcursor,,,,,x,,,,,
libxdamage,,,,,x,,,,,
libxdmcp,,,,,x,,,,,
libxext,,,,,x,,,,,
libxfixes,,,,,x,,,,,
libxfont,,,,,x,,,,,
libxft,,,,,x,,,,,
libxgesture,,,,,x,,,,,
libxi,,,,,x,,,,,
libxinerama,,,,,x,,,,,
libxkbfile,,,,,x,,,,,
libxmu,,,,,x,,,,,
libxpm,,,,,x,,,,,
libxpsapi,,,,,x,,,,,
libxrandr,,,,,x,,,,,
libxrender,,,,,x,,,,,
libxres,,,,,x,,,,,
libxt,,,,,x,,,,,
libxtrap,,,,,x,,,,,
libxtst,,,,,x,,,,,
libxv,,,,,x,,,,,
libxxf86dga,,,,,x,,,,,
libxxf86misc,,,,,x,,,,,
libxxf86vm,,,,,x,,,,,
libys,,x,,,,,,,,
libzypp,,x,,,,,,,,
live-clock,,,,,,,,,,x
live-dailybriefing-accuweather,,,,,,,,,,x
live-dailybriefing-apnews,,,,,,,,,,x
live-dailybriefing-yfinance,,,,,,,,,,x
live-data-provider,,,,,,,,,,x
live-email,,,,,,,,,,x
live-gallery,,,,,,,,,,x
live-magazine,,,,,,,,,,x
live-memo,,,,,,,,,,x
live-rss,,,,,,,,,,x
live-voicerecorder,,,,,,,,,,x
location-decarta,,,,x,,,,,,
location-geoclue-nominatim,,,,x,,,,,,
location-geoclue-pdr,,,,x,,,,,,
location-geoclue-xps,,,,x,,,,,,
location-gps-manager,,,,x,,,,,,
lock,,x,,,,,,,,
login,,x,,,,,,,,
loudmouth,,x,,,,,,,,
lsb,,x,,,,,,,,
ltrace,,x,,,,,,,,
lzo,,x,,,,,,,,
lzo-minilzo,,x,,,,,,,,
mdm-app,,,,,,,,,,x
mdm-server,,x,,,,,,,,
media-data,x,,,,,,,,,
media-server,,x,,,,,,,,
memo,,,,,,,,,,x
memps,,x,,,,,,,,
menu-daemon,,x,,,,,,,,
menu-screen,,,,,,,,,,x
message,,,,,,,,,,x
mfc-firmware,,x,,,,,,,,
mingetty,,x,,,,,,,,
mkdevnodes,,x,,,,,,,,
mmfs,,x,,,,,,,,
mmicheck,,x,,,,,,,,
mmicheck-core,,x,,,,,,,,
mms-plugin,,x,,,,,,,,
mobex-agent,,,,x,,,,,,
mobileap-agent,,,,x,,,,,,
mobileap-test,,,,x,,,,,,
mobilebae,,,,x,,,,,,
modem-firmware,,x,,,,,,,,
module-init-tools,,x,,,,,,,,
msg-service,,x,,,,,,,,
msg-service-tools,,x,,,,,,,,
mss-server,,x,,,,,,,,
mtd-utils,,x,,,,,,,,
mtdev,,x,,,,,,,,
mtools,,x,,,,,,,,
mtp-notification,,,,x,,,,,,
mtp-responder,,,,x,,,,,,
music-player,,,,,,,,,,x
my-account,,,,,,,,,,x
myfiles,,,,,,,,,,x
nasm,,x,,,,,,,,
nasm-rdoff,,x,,,,,,,,
native-installer,,x,,,,,,,,
newexchange,,x,,,,,,,,
nfc-app,,,,,,,,,,x
nfc-common-lib,,x,,,,,,,,
nfc-manager,,x,,,,,,,,
nfc-plugin-nxp,,x,,,,,,,,
nitz,,,,x,,,,,,
notification,,x,,,,,,,,
obexd,,,,x,,,,,,
oma-dm-service,,,,x,,,,,,
oma-dm-ui,,,,x,,,,,,
oma-ds-service,,,,x,,,,,,
oma-ds-ui,,,,x,,,,,,
openal-soft,,,,,,x,,,,
opencore-amr,,,,,,x,,,,
opendx-core,,x,,,,,,,,
opendx-desktop-notifier,,x,,,,,,,,
opengl-es,,x,,,,,,,,
opengl-es-mali400mp,x,,,,,,,,,
openobex,,,,x,,,,,,
openssh-client,,x,,,,,,,,
openssh-server,,x,,,,,,,,
oprofile,,x,,,,,,,,
pango,,x,,,,,,,,
panoramax-engine,,,,,,x,,,,
passwd,,x,,,,,,,,
pciutils,,x,,,,,,,,
phone,,,,,,,,,,x
phone-misc,,x,,,,,,,,
phoneutil,,x,,,,,,,,
picasa,,,,,,,,,,x
picsel-engine,,,,,,x,,,,
pixman,,x,,,,,,,,
pkgmgr,,x,,,,,,,,
pkgmgr-client,,x,,,,,,,,
pkgmgr-installer,,x,,,,,,,,
pkgmgr-server,,x,,,,,,,,
power-manager,,x,,,,,,,,
pulseaudio,,,,,,x,,,,
pulseaudio-libs,,,,,,x,,,,
pulseaudio-locale,,,,,,x,,,,
pulseaudio-module-bluetooth,,,,,,x,,,,
pulseaudio-module-x11,,,,,,x,,,,
pulseaudio-utils,,,,,,x,,,,
push-bin,,,,x,,,,,,
push-tool,,,,x,,,,,,
pwlock,,,,,,,,,,x
quickpanel,,,,,,,,,,x
ragel,,x,,,,,,,,
rcs-apps,,x,,,,,,,,
rfkill,,x,,,,,,,,
rss,,,,,,,,,,x
samsung-console-init,,x,,,,,,,,
samsung-locales-init,,x,,,,,,,,
samsung-network-init,,x,,,,,,,,
samsung-telnet-init,,x,,,,,,,,
sat-ui,,,,,,,,,,x
satsolver-tools,,,,x,,,,,,
save-ramdump,,x,,,,,,,,
screencapture,,x,,,,,,,,
sdbd,,x,,,,,,,,
security-server,,x,,,,,,,,
sensor,,,x,,,,,,,
sensor-framework,,,x,,,,,,,
settings-beat,,,,,,,,,,x
sf-plugin-ak8975,,,x,,,,,,,
sf-plugin-bma023,,,x,,,,,,,
sf-plugin-cm3623ambi,,,x,,,,,,,
sf-plugin-cm3623proxi,,,x,,,,,,,
sf-plugin-filter-ak8973b,,,x,,,,,,,
sf-plugin-filter-bma023,,,x,,,,,,,
sf-plugin-filter-cm3623ambi,,,x,,,,,,,
sf-plugin-filter-cm3623proxi,,,x,,,,,,,
sf-plugin-filter-gp2ap002ambi,,,x,,,,,,,
sf-plugin-filter-gp2ap002proxi,,,x,,,,,,,
sf-plugin-filter-motion,,,x,,,,,,,
sf-plugin-filter-yas529,,,x,,,,,,,
sf-plugin-gp2ap002ambi,,,x,,,,,,,
sf-plugin-gp2ap002proxi,,,x,,,,,,,
sf-plugin-kr3dm,,,x,,,,,,,
sf-plugin-l3g4200d,,,x,,,,,,,
sf-plugin-proc-bma023,,,x,,,,,,,
sf-plugin-proc-cm3623ambi,,,x,,,,,,,
sf-plugin-proc-cm3623proxi,,,x,,,,,,,
sf-plugin-proc-gp2ap002ambi,,,x,,,,,,,
sf-plugin-proc-gp2ap002proxi,,,x,,,,,,,
sf-plugin-proc-kr3dm,,,x,,,,,,,
sf-plugin-proc-motion,,,x,,,,,,,
sf-plugin-proc-yas529,,,x,,,,,,,
sf-plugin-yas529,,,x,,,,,,,
sf-plugin-yas530,,,x,,,,,,,
shadow-utils,,x,,,,,,,,
shared-mime-info,,x,,,,,,,,
shortcut,,x,,,,,,,,
slp-fonts-arabic,,x,,,,,,,,
slp-fonts-basic,,x,,,,,,,,
slp-fonts-fallback,,x,,,,,,,,
slp-fonts-hebrew,,x,,,,,,,,
slp-fonts-helvetica,,x,,,,,,,,
slp-fonts-india,,x,,,,,,,,
slp-fonts-japanese,,x,,,,,,,,
slp-fonts-korean,,x,,,,,,,,
slp-fonts-thai,,x,,,,,,,,
slp-fonts-webcore,,x,,,,,,,,
sonet,,,,x,,,,,,
smack,,x,,,,,,,,
smack-utils,,x,,,,,,,,
smartsearch,,,,,,,,,,x
sms-plugin,,x,,,,,,,,
social-service,,x,,,,,,,,
speex,,x,,,,,,,,
speex-tools,,x,,,,,,,,
ss-client,,x,,,,,,,,
ss-server,,x,,,,,,,,
starter,,x,,,,,,,,
strace,,x,,,,,,,,
stt,,,,,,x,,,,
svi-data,,x,,,,,,,,
sync-agent-framework,,,,x,,,,,,
syncml-dm-common,,,,x,,,,,,
syncml-dm-service,,,,x,,,,,,
syncml-ds-service,,,,x,,,,,,
sys-assert,,x,,,,,,,,
sys-string,,x,,,,,,,,
sysman,,x,,,,,,,,
syspopup,,x,,,,,,,,
syspopup-caller,,x,,,,,,,,
system-panel,,x,,,,,,,,
system-plugin-c210,x,,,,,,,,,
system-plugin-slp,x,,,,,,,,,
system-popup,,x,,,,,,,,
system-server,,x,,,,,,,,
systemd,,x,,,,,,,,
systemd-units-slp-c210,x,,,,,,,,,
sysv-rc,,x,,,,,,,,
sysvinit,,x,,,,,,,,
sysvinit-utils,,x,,,,,,,,
taskmanager,,,,,,,,,,x
taskmgr-card,,,,,,,,,,x
tcpdump,,,,x,,,,,,
telepathy-farsight,,,,x,,,,,,
telepathy-glib,,,,x,,,,,,
telepathy-mission-control-5,,,,x,,,,,,
telepathy-sofiasip,,,,x,,,,,,
telephony-server,,,,x,,,,,,
testmode,,x,,,,,,,,
thumb-daemon,,x,,,,,,,,
touch-firmware,,x,,,,,,,,
touch-firmware-atmel,,x,,,,,,,,
tts,,,,,,x,,,,
twitter,,,,,,,,,,x
tzdata-slp,,x,,,,,,,,
udev,,x,,,,,,,,
udev-rules-nondefault,,x,,,,,,,,
ug-allshare-efl,,,,,,,,,,x
ug-bluetooth-efl,,,,,,,,,,x
ug-browser-user-agent-efl,,,,,,,,,,x
ug-calendar-picker-efl,,,,,,,,,,x
ug-image-viewer-efl,,,,,,,,,,x
ug-ise-barcode-efl,,,,,,,,,,x
ug-ise-ocr-efl,,,,,,,,,,x
ug-kies-via-wifi,,,,,,,,,,x
ug-memo-efl,,,,,,,,,,x
ug-music-info-efl,,,,,,,,,,x
ug-myfile-detail-efl,,,,,,,,,,x
ug-myfile-efl,,,,,,,,,,x
ug-picker-efl,,,,,,,,,,x
ug-setting-gallery-efl,,,,,,,,,,x
ug-setting-location-efl,,,,,,,,,,x
ug-setting-manage-applications-efl,,,,,,,,,,x
ug-setting-mobileap-efl,,,,,,,,,,x
ug-setting-music-player-efl,,,,,,,,,,x
ug-share-nfc-efl,,,,,,,,,,x
ug-voice-first-launch,,,,,,,,,,x
ui-gadget,,,,,,,,,x,
ui-gadget-tools,,,,,,,,,x,
usb-setting-app,,,,,,,,,,x
usbutils,,x,,,,,,,,
vconf,,x,,,,,,,,
video-hub,,,,,,,,,,x
video-player-ext-engine,,,,,,x,,,,
viewer,,,,,,,,,,x
voicerecorder,,,,,,,,,,x
volume-app,,,,,,,,,,x
vt-stack,,,,x,,,,,,
vtmain,,,,x,,,,,,
webkit-engine,,x,,,,,,,,
wfd-server,,x,,,,,,,,
wft,,x,,,,,,,,
wget,,x,,,,,,,,
which,,x,,,,,,,,
wifi-direct,,,,x,,,,,,
wifi-efl-ug,,,,x,,,,,,
wlandrv-plugin,,,,x,,,,,,
wlandrv-plugin-bcm43xx,x,,,,,,,,,
wpasupplicant,,,,x,,,,,,
wrt,,x,,,,,,,,
wrt-commons,,x,,,,,,,,
wrt-installer,,x,,,,,,,,
wrt-security,,x,,,,,,,,
ws-private-tools,,x,,,,,,,,
x11-apps,,,,,x,,,,,
x11-utils,,,,,x,,,,,
x11-xkb-utils,,,,,x,,,,,
x11-xserver-utils,,,,,x,,,,,
x11-xserver-utils-ex,,,,,x,,,,,
xbitmaps,,,,,x,,,,,
xcb-proto,,,,,x,,,,,
xdgmime,,,,,x,,,,,
xfonts-utils,,,,,x,,,,,
xinit,,,,,x,,,,,
xinput,,,,,x,,,,,
xkeyboard-config,,,,,x,,,,,
xmlrpc-c,,x,,,,,,,,
xmlrpc-c-apps,,x,,,,,,,,
xmlrpc-c-c++,,x,,,,,,,,
xmlrpc-c-client,,x,,,,,,,,
xmlrpc-c-client++,,x,,,,,,,,
xmlsec1,,x,,,,,,,,
xmlsec1-openssl,,x,,,,,,,,
xmm6260-boot,x,,,,,,,,,
xorg-server,,,,,x,,,,,
xorg-server-common,,,,,x,,,,,
xorg-server-core,,,,,x,,,,,
xorg-x11-filesystem,,,,,x,,,,,
xorg-x11-util-macros,,,,,x,,,,,
xorg-x11-xauth,,,,,x,,,,,
xrestop,,,,,x,,,,,
xserver-xorg-input-evdev,,,,,x,,,,,
xserver-xorg-input-evdev-multitouch,,,,,x,,,,,
xserver-xorg-input-gesture,,,,,x,,,,,
xserver-xorg-misc-s5pc210,,,,,x,,,,,
xserver-xorg-video-s5pc210,,,,,x,,,,,
xtrans,,,,,x,,,,,
youtube,,,,,,,,,,x
zypper,,x,,,,,,,,
